{
    "name": "Breaching",
    "description": "Primary: Torpedo yourself forward with great speed in the water.",
    "badges": [
        {
            "sprite": "origins:textures/gui/badge/active.png",
            "text": "Primary ability, use with %s"
        }
    ],
    "type": "origins:active_self",
    "entity_action": {
        "type": "origins:add_velocity",
        "space": "local",
        "z": 1.5
    },
    "condition": {
        "type": "origins:submerged_in",
        "fluid": "minecraft:water"
    },
    "key": {
        "key": "key.origins.primary_active"
    },
    "cooldown": 30,
    "hud_render": {
        "should_render": true,
        "sprite_location": "origins:textures/gui/community/huang/resource_bar_01.png",
        "bar_index": 10
    }
}