{
    "name": "Fishy Diet",
    "description": "You have evolved to only be able to eat fish.",
    "type": "origins:prevent_item_use",
    "item_condition": {
        "type": "origins:and",
        "conditions": [
            {
                "type": "origins:ingredient",
                "ingredient": {
                    "tag": "dolphling:fishes"
                    },
                "inverted": true
            },
            {
                "type": "origins:food"
            },
            {
                "type": "origins:ingredient",
                "ingredient": {
                    "item": "minecraft:enchanted_golden_apple"
                },
                "inverted": true
            }

        ]
    }
    }