{
    "name": "Aquatic born",
    "description": "Your adapted lungs allows you to hold your breath underwater for up to 8 minutes.",
    "type": "origins:action_over_time",
    "interval": 10,
    "entity_action": {
        "type": "origins:apply_effect",
        "effect": {
            "effect": "minecraft:water_breathing",
            "duration": 9600,
            "show_particles": false,
            "show_icon": false
        }
    },
    "condition": {
        "type": "origins:submerged_in",
        "fluid": "minecraft:water",
        "inverted": true
    }
}