{
    "replace": false,
    "values": [
        "minecraft:tropical_fish",
        "minecraft:cod",
        "minecraft:cooked_cod",
        "minecraft:salmon",
        "minecraft:cooked_salmon",
        "minecraft:pufferfish",
        "minecraft:dried_kelp",
        {
            "id": "croptopia:fish_and_chips",
            "required": false
           },
           {
            "id": "croptopia:calamari",
            "required": false
           },
           {
            "id": "croptopia:cooked_calamari",
            "required": false
           },
           {
            "id": "croptopia:fried_calamari",
            "required": false
           },
           {
            "id": "croptopia:glowing_calamari",
            "required": false
           },
           {
            "id": "croptopia:roe",
            "required": false
           },
           {
            "id": "croptopia:sushi",
            "required": false
           },
           {
            "id": "croptopia:oyster",
            "required": false
           },
           {
            "id": "croptopia:grilled_oysters",
            "required": false
           },
           {
            "id": "croptopia:tuna",
            "required": false
           },
           {
            "id": "croptopia:cooked_tuna",
            "required": false
           },
           {
            "id": "croptopia:tuna_sandwich",
            "required": false
           },
           {
            "id": "croptopia:tuna_roll",
            "required": false
           },
           {
            "id": "farmersdelight:cod_slice",
            "required": false
           },
           {
            "id": "farmersdelight:cooked_cod_slice",
            "required": false
           },
           {
            "id": "farmersdelight:salmon_slice",
            "required": false
           },
           {
            "id": "farmersdelight:cooked_salmon_slice",
            "required": false
           },
           {
            "id": "farmersdelight:cod_roll",
            "required": false
           },
           {
            "id": "farmersdelight:baked_cod_stew",
            "required": false
           },
           {
            "id": "farmersdelight:squid_ink_pasta",
            "required": false
           },
           {
            "id": "farmersdelight:salmon_roll",
            "required": false
           },
           {
            "id": "culturaldelights:raw_calamari",
            "required": false
           },
           {
            "id": "culturaldelights:cooked_calamari",
            "required": false
           },
           {
            "id": "culturaldelights:squid",
            "required": false
           },
           {
            "id": "culturaldelights:glow_squid",
            "required": false
           },
           {
            "id": "culturaldelights:cooked_squid",
            "required": false
           },
           {
            "id": "culturaldelights:calamari_roll",
            "required": false
           },
           {
            "id": "farmersdelight:kelp_roll",
            "required": false
           },
           {
            "id": "farmersdelight:kelp_roll_slice",
            "required": false
           },
           {
            "id": "culturaldelights:rice_ball",
            "required": false
           },
           {
            "id": "culturaldelights:tropical_roll",
            "required": false
           },
           {
            "id": "culturaldelights:fish_taco",
            "required": false
           },
           {
            "id": "culturaldelights:pufferfish_roll",
            "required": false
           },
           {
            "id": "farmersdelight:fish_stew",
            "required": false
           },
           {
            "id": "farmersdelight:grilled_salmon",
            "required": false
           }
    ]
}