{
  "items": {
    "additional_rpg_jewelry:netherite_rage_necklace": {
      "attributes": [
        {
          "id": "generic.attack_damage",
          "value": 0.05,
          "operation": "MULTIPLY_BASE"
        }
      ]
    },
    "additional_rpg_jewelry:earth_ring": {
      "attributes": [
        {
          "id": "spell_power:earth",
          "value": 0.04,
          "operation": "MULTIPLY_BASE"
        }
      ]
    },
    "additional_rpg_jewelry:netherite_earth_ring": {
      "attributes": [
        {
          "id": "spell_power:earth",
          "value": 0.08,
          "operation": "MULTIPLY_BASE"
        }
      ]
    },
    "additional_rpg_jewelry:netherite_rage_ring": {
      "attributes": [
        {
          "id": "generic.attack_damage",
          "value": 0.05,
          "operation": "MULTIPLY_BASE"
        }
      ]
    },
    "additional_rpg_jewelry:unique_ocean_ring": {
      "attributes": [
        {
          "id": "spell_power:water",
          "value": 0.08,
          "operation": "MULTIPLY_BASE"
        },
        {
          "id": "spell_power:critical_damage",
          "value": 0.03,
          "operation": "MULTIPLY_BASE"
        },
        {
          "id": "spell_power:haste",
          "value": 0.03,
          "operation": "MULTIPLY_BASE"
        }
      ]
    },
    "additional_rpg_jewelry:unique_rage_necklace": {
      "attributes": [
        {
          "id": "generic.attack_damage",
          "value": 0.1,
          "operation": "MULTIPLY_BASE"
        }
      ]
    },
    "additional_rpg_jewelry:vampire_necklace": {
      "attributes": [
        {
          "id": "generic.attack_damage",
          "value": 0.08,
          "operation": "MULTIPLY_BASE"
        }
      ]
    },
    "additional_rpg_jewelry:rage_necklace": {
      "attributes": []
    },
    "additional_rpg_jewelry:unique_sky_necklace": {
      "attributes": [
        {
          "id": "spell_power:air",
          "value": 0.08,
          "operation": "MULTIPLY_BASE"
        },
        {
          "id": "spell_power:critical_damage",
          "value": 0.03,
          "operation": "MULTIPLY_BASE"
        },
        {
          "id": "spell_power:haste",
          "value": 0.03,
          "operation": "MULTIPLY_BASE"
        }
      ]
    },
    "additional_rpg_jewelry:earth_necklace": {
      "attributes": [
        {
          "id": "spell_power:earth",
          "value": 0.04,
          "operation": "MULTIPLY_BASE"
        }
      ]
    },
    "additional_rpg_jewelry:netherite_sky_necklace": {
      "attributes": [
        {
          "id": "spell_power:air",
          "value": 0.08,
          "operation": "MULTIPLY_BASE"
        }
      ]
    },
    "additional_rpg_jewelry:netherite_earth_necklace": {
      "attributes": [
        {
          "id": "spell_power:earth",
          "value": 0.08,
          "operation": "MULTIPLY_BASE"
        }
      ]
    },
    "additional_rpg_jewelry:rage_ring": {
      "attributes": []
    },
    "additional_rpg_jewelry:dripstone_necklace": {
      "attributes": [
        {
          "id": "generic.max_health",
          "value": 2.0,
          "operation": "ADDITION"
        }
      ]
    },
    "additional_rpg_jewelry:unique_earth_ring": {
      "attributes": [
        {
          "id": "spell_power:earth",
          "value": 0.08,
          "operation": "MULTIPLY_BASE"
        },
        {
          "id": "spell_power:critical_chance",
          "value": 0.03,
          "operation": "MULTIPLY_BASE"
        },
        {
          "id": "spell_power:critical_damage",
          "value": 0.03,
          "operation": "MULTIPLY_BASE"
        }
      ]
    },
    "additional_rpg_jewelry:unique_sky_ring": {
      "attributes": [
        {
          "id": "spell_power:air",
          "value": 0.08,
          "operation": "MULTIPLY_BASE"
        },
        {
          "id": "spell_power:critical_damage",
          "value": 0.03,
          "operation": "MULTIPLY_BASE"
        },
        {
          "id": "spell_power:haste",
          "value": 0.03,
          "operation": "MULTIPLY_BASE"
        }
      ]
    },
    "additional_rpg_jewelry:sky_ring": {
      "attributes": [
        {
          "id": "spell_power:air",
          "value": 0.04,
          "operation": "MULTIPLY_BASE"
        }
      ]
    },
    "additional_rpg_jewelry:sky_necklace": {
      "attributes": [
        {
          "id": "spell_power:air",
          "value": 0.04,
          "operation": "MULTIPLY_BASE"
        }
      ]
    },
    "additional_rpg_jewelry:netherite_ocean_necklace": {
      "attributes": [
        {
          "id": "spell_power:water",
          "value": 0.08,
          "operation": "MULTIPLY_BASE"
        }
      ]
    },
    "additional_rpg_jewelry:netherite_sky_ring": {
      "attributes": [
        {
          "id": "spell_power:air",
          "value": 0.08,
          "operation": "MULTIPLY_BASE"
        }
      ]
    },
    "additional_rpg_jewelry:unique_rage_ring": {
      "attributes": [
        {
          "id": "generic.attack_damage",
          "value": 0.1,
          "operation": "MULTIPLY_BASE"
        }
      ]
    },
    "additional_rpg_jewelry:netherite_ocean_ring": {
      "attributes": [
        {
          "id": "spell_power:water",
          "value": 0.08,
          "operation": "MULTIPLY_BASE"
        }
      ]
    },
    "additional_rpg_jewelry:cactea_ring": {
      "attributes": [
        {
          "id": "generic.max_health",
          "value": 2.0,
          "operation": "ADDITION"
        }
      ]
    },
    "additional_rpg_jewelry:ocean_ring": {
      "attributes": [
        {
          "id": "spell_power:water",
          "value": 0.04,
          "operation": "MULTIPLY_BASE"
        }
      ]
    },
    "additional_rpg_jewelry:unique_earth_necklace": {
      "attributes": [
        {
          "id": "spell_power:earth",
          "value": 0.08,
          "operation": "MULTIPLY_BASE"
        },
        {
          "id": "spell_power:critical_chance",
          "value": 0.03,
          "operation": "MULTIPLY_BASE"
        },
        {
          "id": "spell_power:critical_damage",
          "value": 0.03,
          "operation": "MULTIPLY_BASE"
        }
      ]
    },
    "additional_rpg_jewelry:unique_ocean_necklace": {
      "attributes": [
        {
          "id": "spell_power:water",
          "value": 0.08,
          "operation": "MULTIPLY_BASE"
        },
        {
          "id": "spell_power:critical_damage",
          "value": 0.03,
          "operation": "MULTIPLY_BASE"
        },
        {
          "id": "spell_power:haste",
          "value": 0.03,
          "operation": "MULTIPLY_BASE"
        }
      ]
    },
    "additional_rpg_jewelry:vampire_ring": {
      "attributes": [
        {
          "id": "generic.attack_damage",
          "value": 0.08,
          "operation": "MULTIPLY_BASE"
        }
      ]
    },
    "additional_rpg_jewelry:ocean_necklace": {
      "attributes": [
        {
          "id": "spell_power:water",
          "value": 0.04,
          "operation": "MULTIPLY_BASE"
        }
      ]
    }
  }
}