{
  "pools": [
    {
      "rolls": 1,
      "entries": [
        { "type": "item","name": "minecraft:rotten_flesh","weight": 18,"functions": [{"function": "set_count", "count": 45 }]},
		{ "type": "item","name": "minecraft:totem_of_undying","weight": 10,"functions": [{"function": "set_count", "count": 2 }]},
		{ "type": "item","name": "minecraft:end_crystal","weight": 10,"functions": [{"function": "set_count", "count": 1 }]},
		{ "type": "item","name": "minecraft:elytra","weight": 10,"functions": [{"function": "set_count", "count": 1 }]},
		{ "type": "item","name": "minecraft:sponge","weight": 10,"functions": [{"function": "set_count", "count": 10 }]},
		{ "type": "item","name": "minecraft:sea_lantern","weight": 10,"functions": [{"function": "set_count", "count": 1 }]},
		{ "type": "item","name": "minecraft:nether_star","weight": 10,"functions": [{"function": "set_count", "count": 1 }]},	
		{ "type": "item","name": "minecraft:netherite_sword","weight": 10,"functions": [{"function": "set_count", "count": 1 }]},
	    { "type": "item","name": "minecraft:netherite_pickaxe","weight": 10,"functions": [{"function": "set_count", "count": 1 }]},
		{ "type": "item","name": "minecraft:netherite_ingot","weight": 10,"functions": [{"function": "set_count", "count": 6 }]},
		{ "type": "item","name": "minecraft:gold_ingot","weight": 10,"functions": [{"function": "set_count", "count": 25 }]},
		{ "type": "item","name": "minecraft:iron_ingot","weight": 10,"functions": [{"function": "set_count", "count": 45 }]},
        { "type": "item","name": "minecraft:diamond_ore","weight": 10,"functions": [{"function": "set_count", "count": 5 }]},
		{ "type": "item","name": "minecraft:lapis_lazuli","weight": 10,"functions": [{"function": "set_count", "count": 5 }]},
		{ "type": "item","name": "minecraft:enchanted_golden_apple","weight": 10,"functions": [{"function": "set_count", "count": 10 }]},
		{ "type": "item","name": "minecraft:heart_of_the_sea","weight": 10,"functions": [{"function": "set_count", "count": 1 }]},
		{ "type": "item","name": "minecraft:firework_rocket","weight": 11,"functions": [{"function": "set_count", "count": 45 }]},
		{ "type": "item","name": "minecraft:gray_shulker_box","weight": 10,"functions": [{"function": "set_count", "count": 3 }]},
		{ "type": "item","name": "things:gleaming_powder","weight": 10,"functions": [{"function": "set_count", "count": 1 }]},
		{ "type": "item","name": "things:gleaming_ore","weight": 10,"functions": [{"function": "set_count", "count": 1 }]},		
		{ "type": "item","name": "witcher_rpg:silver_ore","weight": 10,"functions": [{"function": "set_count", "count": 1 }]},
		{ "type": "item","name": "witcher_rpg:deepslate_silver_ore","weight": 10,"functions": [{"function": "set_count", "count": 1 }]},
		{ "type": "item","name": "witcher_rpg:meteorite_ore","weight": 10,"functions": [{"function": "set_count", "count": 1 }]},
		{ "type": "item","name": "witcher_rpg:deepslate_dark_iron_ore","weight": 10,"functions": [{"function": "set_count", "count": 1 }]},
		{ "type": "item","name": "witcher_rpg:dark_iron_ore","weight": 10,"functions": [{"function": "set_count", "count": 1 }]},
		{ "type": "item","name": "minecraft:lime_dye","weight": 10,"functions": [{"function": "set_count", "count": 1 }]},
		{ "type": "item","name": "artifacts:umbrella","weight": 1,"functions": [{"function": "set_count", "count": 1 }]},
		{ "type": "item","name": "artifacts:plastic_drinking_hat","weight": 1,"functions": [{"function": "set_count", "count": 1 }]},
		{ "type": "item","name": "artifacts:novelty_drinking_hat","weight": 1,"functions": [{"function": "set_count", "count": 1 }]},
		{ "type": "item","name": "artifacts:snorkel","weight": 1,"functions": [{"function": "set_count", "count": 1 }]},
		{ "type": "item","name": "artifacts:night_vision_goggles","weight": 1,"functions": [{"function": "set_count", "count": 1 }]},
		{ "type": "item","name": "artifacts:villager_hat","weight": 1,"functions": [{"function": "set_count", "count": 1 }]},
		{ "type": "item","name": "artifacts:superstitious_hat","weight": 1,"functions": [{"function": "set_count", "count": 1 }]},
		{ "type": "item","name": "artifacts:cowboy_hat","weight": 1,"functions": [{"function": "set_count", "count": 1 }]},
		{ "type": "item","name": "artifacts:anglers_hat","weight": 1,"functions": [{"function": "set_count", "count": 1 }]},
		{ "type": "item","name": "artifacts:lucky_scarf","weight": 1,"functions": [{"function": "set_count", "count": 1 }]},
		{ "type": "item","name": "artifacts:scarf_of_invisibility","weight": 1,"functions": [{"function": "set_count", "count": 1 }]},
		{ "type": "item","name": "artifacts:cross_necklace","weight": 1,"functions": [{"function": "set_count", "count": 1 }]},
		{ "type": "item","name": "artifacts:panic_necklace","weight": 1,"functions": [{"function": "set_count", "count": 1 }]},
		{ "type": "item","name": "artifacts:shock_pendant","weight": 1,"functions": [{"function": "set_count", "count": 1 }]},
		{ "type": "item","name": "artifacts:flame_pendant","weight": 1,"functions": [{"function": "set_count", "count": 1 }]},
		{ "type": "item","name": "artifacts:thorn_pendant","weight": 1,"functions": [{"function": "set_count", "count": 1 }]},
		{ "type": "item","name": "artifacts:charm_of_sinking","weight": 1,"functions": [{"function": "set_count", "count": 1 }]},
		{ "type": "item","name": "artifacts:cloud_in_a_bottle","weight": 1,"functions": [{"function": "set_count", "count": 1 }]},
		{ "type": "item","name": "artifacts:obsidian_skull","weight": 1,"functions": [{"function": "set_count", "count": 1 }]},
		{ "type": "item","name": "artifacts:antidote_vessel","weight": 1,"functions": [{"function": "set_count", "count": 1 }]},
		{ "type": "item","name": "artifacts:universal_attractor","weight": 1,"functions": [{"function": "set_count", "count": 1 }]},
		{ "type": "item","name": "artifacts:crystal_heart","weight": 1,"functions": [{"function": "set_count", "count": 1 }]},
		{ "type": "item","name": "artifacts:helium_flamingo","weight": 1,"functions": [{"function": "set_count", "count": 1 }]},
		{ "type": "item","name": "artifacts:chorus_totem","weight": 1,"functions": [{"function": "set_count", "count": 1 }]},
		{ "type": "item","name": "artifacts:digging_claws","weight": 1,"functions": [{"function": "set_count", "count": 1 }]},
		{ "type": "item","name": "artifacts:feral_claws","weight": 1,"functions": [{"function": "set_count", "count": 1 }]},
		{ "type": "item","name": "artifacts:power_glove","weight": 1,"functions": [{"function": "set_count", "count": 1 }]},
		{ "type": "item","name": "artifacts:fire_gauntlet","weight": 1,"functions": [{"function": "set_count", "count": 1 }]},
		{ "type": "item","name": "artifacts:pocket_piston","weight": 1,"functions": [{"function": "set_count", "count": 1 }]},
		{ "type": "item","name": "artifacts:vampiric_glove","weight": 1,"functions": [{"function": "set_count", "count": 1 }]},
		{ "type": "item","name": "artifacts:golden_hook","weight": 1,"functions": [{"function": "set_count", "count": 1 }]},
		{ "type": "item","name": "artifacts:onion_ring","weight": 1,"functions": [{"function": "set_count", "count": 1 }]},
		{ "type": "item","name": "artifacts:pickaxe_heater","weight": 1,"functions": [{"function": "set_count", "count": 1 }]},
		{ "type": "item","name": "artifacts:aqua_dashers","weight": 1,"functions": [{"function": "set_count", "count": 1 }]},
		{ "type": "item","name": "artifacts:bunny_hoppers","weight": 1,"functions": [{"function": "set_count", "count": 1 }]},
		{ "type": "item","name": "artifacts:kitty_slippers","weight": 1,"functions": [{"function": "set_count", "count": 1 }]},
		{ "type": "item","name": "artifacts:running_shoes","weight": 1,"functions": [{"function": "set_count", "count": 1 }]},
		{ "type": "item","name": "artifacts:snowshoes","weight": 1,"functions": [{"function": "set_count", "count": 1 }]},
		{ "type": "item","name": "artifacts:steadfast_spikes","weight": 1,"functions": [{"function": "set_count", "count": 1 }]},
		{ "type": "item","name": "artifacts:flippers","weight": 1,"functions": [{"function": "set_count", "count": 1 }]},
		{ "type": "item","name": "artifacts:rooted_boots","weight": 1,"functions": [{"function": "set_count", "count": 1 }]},
		{ "type": "item","name": "artifacts:whoopee_cushion","weight": 2,"functions": [{"function": "set_count", "count": 1 }]},		
        { "type": "item","name": "minecraft:stone", "weight": 25,"functions": [{ "function": "set_count","count": 1}]}
                 ]
        }]
}