{
  "pools": [
    {
      "rolls": 1,
      "entries": [
        { "type": "item","name": "darkbread:redstone_bread","weight": 5,"functions": [{"function": "set_count", "count": 3 }]},
        { "type": "item","name": "darkbread:diamond_bread","weight": 5,"functions": [{"function": "set_count", "count": 4 }]},
        { "type": "item","name": "darkbread:iron_bread","weight": 5,"functions": [{"function": "set_count", "count": 3 }]},
        { "type": "item","name": "darkbread:obsidian_bread","weight": 5,"functions": [{"function": "set_count", "count": 5 }]},
        { "type": "item","name": "darkbread:prismarine_bread","weight": 5,"functions": [{"function": "set_count", "count": 6 }]},
        { "type": "item","name": "darkbread:gold_bread","weight": 5,"functions": [{"function": "set_count", "count": 3 }]},
        { "type": "item","name": "darkbread:green_bread","weight": 5,"functions": [{"function": "set_count", "count": 2 }]},
        { "type": "item","name": "darkbread:ender_bread","weight": 5,"functions": [{"function": "set_count", "count": 11 }]},
        { "type": "item","name": "darkbread:pog_bread","weight": 1,"functions": [{"function": "set_count", "count": 1 }]},
        { "type": "item","name": "darkblades:dark_slushy","weight": 5,"functions": [{"function": "set_count", "count": 3 }]},
        { "type": "item","name": "darkblades:dark_soul_ammo","weight": 5,"functions": [{"function": "set_count", "count": 10 }]}
                 ]
        }]
}