{
	"enabled": true,
	"experience_per_level": {
		"type": "expression",
		"data": {
			"expression": "max(1000*1.5^level+ 10, 200)"
		}
	},
	"sources": [
		{
			"type": "puffish_skills:kill_entity",
			"data": {
				"parameters": {
					"dropped_xp": {
						"type": "entity_dropped_experience"
					},
					"max_health": {
						"type": "entity_max_health"
					}
				},
				"experience": [
					{
						"expression": "dropped_xp + max_health / 2"
					}
				],
				"anti_farming": {
					"enabled": true,
					"limit_per_chunk": 50,
					"reset_after_seconds": 300
				}
			}
		}
	]
}