{
	"i3shxetzmqviyyzg": {
		"definition": "respec",
		"x": 0,
		"y": 0,
		"root": true
	},
	"ddxliepl4f154q03": {
		"definition": "respec",
		"x": -64,
		"y": 0,
		"root": true
	},
	"2tim6cq9rnmru5gk": {
		"definition": "respec",
		"x": -128,
		"y": 0,
		"root": true
	},
	"ylk314i8ubu2to4p": {
		"definition": "respec",
		"x": 64,
		"y": 0,
		"root": true
	},
	"96jq2sxtewmv3mqq": {
		"definition": "respec",
		"x": 128,
		"y": 0,
		"root": true
	},
	"dfmprbfw619fk0yq": {
		"definition": "respec",
		"x": -128,
		"y": -64,
		"root": true
	},
	"jwpqxv4nverlicmy": {
		"definition": "respec",
		"x": -64,
		"y": -64,
		"root": true
	},
	"1r7dtpzy5gd2gm7t": {
		"definition": "respec",
		"x": 0,
		"y": -64,
		"root": true
	},
	"bips966nb9g5nmtz": {
		"definition": "respec",
		"x": 64,
		"y": -64,
		"root": true
	},
	"kiji8o84xu25ta34": {
		"definition": "respec",
		"x": 128,
		"y": -64,
		"root": true
	},
	"0z43sw8jantvcu2e": {
		"definition": "respec",
		"x": -128,
		"y": -128,
		"root": true
	},
	"w3shlotkygg4h076": {
		"definition": "respec",
		"x": 0,
		"y": -128,
		"root": true
	},
	"ub3jtnor8vhqy55l": {
		"definition": "respec",
		"x": 64,
		"y": -128,
		"root": true
	},
	"g4s1khov6euuxpew": {
		"definition": "respec",
		"x": -64,
		"y": -128,
		"root": true
	},
	"06nw3pood72zb0e0": {
		"definition": "respec",
		"x": 128,
		"y": -128,
		"root": true
	},
	"nit1pmdgkw5d7ktk": {
		"definition": "respec",
		"x": -128,
		"y": 64,
		"root": true
	},
	"nnw9kzna8pbskq0f": {
		"definition": "respec",
		"x": -64,
		"y": 64,
		"root": true
	},
	"pusyexv2uyao51ne": {
		"definition": "respec",
		"x": 0,
		"y": 64,
		"root": true
	},
	"sgltledkus1xa23z": {
		"definition": "respec",
		"x": 64,
		"y": 64,
		"root": true
	},
	"a4ay5huvr11pzyua": {
		"definition": "respec",
		"x": 128,
		"y": 64,
		"root": true
	}
}