{
  "performVersionCheck": true,
  "origins": {
    "aspects:pyro_layers/ignis": {
      "enabled": true,
      "aspects:pyro/ignis/hot_biomes": true,
      "aspects:pyro/ignis/fire_strength": true,
      "aspects:pyro/ignis/ignis_primary": true,
      "aspects:pyro/ignis/ignis_secondary": true
    },
    "paper:paper": {
      "enabled": true,
      "origins:slow_falling": true,
      "paper:climbing": true,
      "paper:fall_immunity": true,
      "paper:six_hearts": true,
      "paper:elytra": true,
      "paper:fresh_air": true,
      "paper:recipe_paper": true,
      "paper:tiny_paper": true,
      "paper:paper_bandage": true,
      "paper:nimble": true,
      "paper:water_exhaust": true,
      "paper:starting_gear": true
    },
    "aspects:anemo/tempus": {
      "enabled": true,
      "aspects:fleet": true,
      "aspects:lightning_immunity": true,
      "aspects:tempus_primary": true
    },
    "medievalorigins:high_elf/pyromancer": {
      "enabled": true,
      "medievalorigins:high_elf/pyromancer/spell_power": true,
      "medievalorigins:high_elf/pyromancer/gear_spawn": true
    },
    "origins-classes:warrior": {
      "enabled": true,
      "origins-classes:more_attack_damage": true,
      "origins-classes:less_shield_slowdown": true
    },
    "medievalorigins:dwarf": {
      "enabled": true,
      "medievalorigins:dwarf/dwarven_tech": true,
      "medievalorigins:dwarf/miniature": true,
      "medievalorigins:dwarf/nocturnal_eyes": true,
      "medievalorigins:dwarf/darkness_dweller": true,
      "medievalorigins:dwarf/dense": true,
      "medievalorigins:dwarf/potent_brew": true,
      "medievalorigins:dwarf/mythril_resonance": true,
      "medievalorigins:dwarf/pickaxeless_stone": true,
      "medievalorigins:dwarf/helmet_spawn": true
    },
    "origins:elytrian": {
      "enabled": true,
      "origins:elytra": true,
      "origins:launch_into_air": true,
      "origins:aerial_combatant": true,
      "origins:light_armor": true,
      "origins:claustrophobia": true,
      "origins:more_kinetic_damage": true
    },
    "medievalorigins:pixie": {
      "enabled": true,
      "medievalorigins:pixie/flight": true,
      "medievalorigins:pixie/pixie_properties": true,
      "medievalorigins:pixie/feather_footed": true,
      "medievalorigins:pixie/wings": true,
      "medievalorigins:pixie/mount": true,
      "medievalorigins:pixie/good_fortunes": true,
      "medievalorigins:pixie/mischief_maketh_man": true,
      "medievalorigins:pixie/curse_of_flight": true,
      "medievalorigins:pixie/troublemaker": true
    },
    "aspects:geo": {
      "enabled": true,
      "aspects:heavy_as_stone": true,
      "aspects:resistance": true,
      "aspects:explosion_damage": true,
      "aspects:earthborn": true,
      "aspects:deepdweller": true,
      "aspects:start": true,
      "aspects:geo_team": true
    },
    "medievalorigins:high_elf/cryomancer": {
      "enabled": true,
      "medievalorigins:high_elf/cryomancer/spell_power": true,
      "medievalorigins:high_elf/cryomancer/gear_spawn": true
    },
    "medievalorigins:revenant": {
      "enabled": true,
      "medievalorigins:revenant/transfer_item": true,
      "medievalorigins:revenant/skeleton_summons": true,
      "medievalorigins:revenant/zombie_summons": true,
      "medievalorigins:revenant/putrid_communion": true,
      "medievalorigins:revenant/hellraiser": true,
      "medievalorigins:revenant/siphon": true,
      "medievalorigins:revenant/unwitherable": true,
      "medievalorigins:revenant/undeadge": true,
      "medievalorigins:revenant/poor_reputation": true,
      "medievalorigins:revenant/black_thumb": true,
      "medievalorigins:revenant/disturbed": true,
      "medievalorigins:revenant/unguarded": true
    },
    "aspects:imp": {
      "enabled": true
    },
    "origins-classes:explorer": {
      "enabled": true,
      "origins-classes:explorer_kit": true,
      "origins-classes:no_sprint_exhaustion": true
    },
    "medievalorigins:gorgon": {
      "enabled": true,
      "medievalorigins:gorgon/petrifying_gaze": true,
      "medievalorigins:gorgon/revenge": true,
      "medievalorigins:gorgon/hydrophobe": true,
      "medievalorigins:gorgon/to_stone": true,
      "medievalorigins:gorgon/silver_aversion": true,
      "medievalorigins:gorgon/poison_blood": true,
      "medievalorigins:gorgon/poison_immune": true
    },
    "aspects:pyro_layers/pyro": {
      "enabled": true,
      "aspects:pyro/fire_immunity": true,
      "aspects:pyro/nether_buff": true,
      "aspects:pyro/water_damage": true,
      "aspects:pyro/lava_vision": true,
      "aspects:pyro/flameborn": true,
      "aspects:start": true,
      "aspects:pyro/melt": true,
      "aspects:pyro/pyro_team": true
    },
    "aspects:perditio": {
      "enabled": true,
      "aspects:void": true,
      "aspects:undead": true,
      "aspects:night_strength": true,
      "aspects:day_aversion": true,
      "aspects:voidborn": true,
      "aspects:wither_damage": true,
      "aspects:start": true,
      "aspects:perditio_team": true
    },
    "origins-classes:rancher": {
      "enabled": true,
      "origins-classes:twin_breeding": true,
      "origins-classes:more_animal_loot": true
    },
    "origins:blazeborn": {
      "enabled": true,
      "origins:fire_immunity": true,
      "origins:nether_spawn": true,
      "origins:burning_wrath": true,
      "origins:hotblooded": true,
      "origins:water_vulnerability": true,
      "origins:flame_particles": true,
      "origins:damage_from_snowballs": true,
      "origins:damage_from_potions": true
    },
    "origins-classes:farmer": {
      "enabled": true,
      "origins-classes:more_crop_drops": true,
      "origins-classes:better_bone_meal": true
    },
    "extraorigins:floran": {
      "enabled": true,
      "extraorigins:green_thumb": true,
      "extraorigins:photosynthesis": true,
      "extraorigins:absorbing": true,
      "extraorigins:flammable": true,
      "extraorigins:nectarivore": true
    },
    "origins-classes:miner": {
      "enabled": true,
      "origins-classes:more_stone_break_speed": true,
      "origins-classes:no_mining_exhaustion": true
    },
    "aspects:anemo": {
      "enabled": true,
      "aspects:fleet_footed": true,
      "aspects:negate_fall_damage": true,
      "aspects:chained": true,
      "aspects:windborn": true,
      "aspects:wise": true,
      "aspects:start": true,
      "aspects:anemo_team": true
    },
    "land_chidori:land_chidori": {
      "enabled": true,
      "land_chidori:tall_land_chidori": true,
      "land_chidori:strong_arms_land_chidori": true,
      "land_chidori:strong_arms_break_speed_land_chidori": true,
      "land_chidori:inventory_land_chidori": true,
      "land_chidori:prevent_sprint_land_chidori": true,
      "land_chidori:fall_immunity_land_chidori": true,
      "land_chidori:extra_reach_land_chidori": true,
      "land_chidori:launch_into_air_land_chidori": true,
      "land_chidori:natural_armor_land_chidori": true,
      "land_chidori:slow_attack_land_chidori": true,
      "land_chidori:slow_speed_land_chidori": true,
      "land_chidori:max_health_land_chidori": true,
      "land_chidori:no_ranged_land_chidori": true,
      "land_chidori:particle_land_chidori": true,
      "land_chidori:recipe_land_chidori": true
    },
    "aspects:pyro": {
      "enabled": true,
      "aspects:fire_immunity": true,
      "aspects:nether_buff": true,
      "aspects:water_damage": true,
      "aspects:lava_vision": true,
      "aspects:flameborn": true,
      "aspects:start": true,
      "aspects:melt": true,
      "aspects:pyro_team": true
    },
    "origins-classes:cook": {
      "enabled": true,
      "origins-classes:better_crafted_food": true,
      "origins-classes:more_smoker_xp": true
    },
    "aspects:ordo/solus": {
      "enabled": true,
      "aspects:fire_resistance": true,
      "aspects:sunbaked": true,
      "aspects:sun_bar": true,
      "aspects:decay": true,
      "aspects:solus_primary": true,
      "aspects:solus_secondary": true
    },
    "medievalorigins:fae": {
      "enabled": true,
      "medievalorigins:fae/levitation": true,
      "medievalorigins:fae/magic_resistance": true,
      "medievalorigins:fae/magic_damage_boost": true,
      "medievalorigins:fae/regen": true,
      "medievalorigins:fae/allure": true,
      "medievalorigins:fae/diminutive": true,
      "medievalorigins:fae/iron_aversion": true
    },
    "aspects:ordo_layers/solus": {
      "enabled": true,
      "aspects:ordo/solus/fire_resistance": true,
      "aspects:ordo/solus/sunbaked": true,
      "aspects:ordo/solus/sun_bar": true,
      "aspects:ordo/solus/decay": true,
      "aspects:ordo/solus/solus_primary": true,
      "aspects:ordo/solus/solus_secondary": true
    },
    "medievalorigins:goblin": {
      "enabled": true,
      "medievalorigins:goblin/greedy": true,
      "medievalorigins:goblin/green": true,
      "medievalorigins:goblin/durability": true,
      "medievalorigins:goblin/cunning": true,
      "medievalorigins:goblin/nippy": true,
      "medievalorigins:goblin/stunted": true,
      "medievalorigins:goblin/frail": true
    },
    "aspects:hydro_layers/cryo": {
      "enabled": true,
      "aspects:hydro/cryo/cold_biomes": true,
      "aspects:hydro/cryo/frost_walker": true,
      "aspects:hydro/cryo/cryo_primary": true,
      "aspects:hydro/cryo/cryo_secondary": true
    },
    "medievalorigins:siren": {
      "enabled": true,
      "medievalorigins:siren/amphibious": true,
      "medievalorigins:siren/siren_song": true,
      "medievalorigins:siren/holy_water": true,
      "medievalorigins:siren/out_of_your_depth": true,
      "medievalorigins:siren/flammable": true,
      "medievalorigins:siren/water_vision": true,
      "origins:aquatic": true,
      "origins:like_water": true,
      "medievalorigins:siren/seduce": true
    },
    "aspects:hydro/altum": {
      "enabled": true
    },
    "medievalorigins:incubus": {
      "enabled": true,
      "medievalorigins:incubus/demon_fire": true,
      "medievalorigins:incubus/hellborne": true,
      "medievalorigins:incubus/carnivore": true,
      "medievalorigins:incubus/unholy_deal": true,
      "medievalorigins:incubus/hydrophobe": true,
      "medievalorigins:incubus/impure": true,
      "medievalorigins:incubus/dimension_strength": true,
      "medievalorigins:incubus/lava_swim": true,
      "medievalorigins:incubus/red": true,
      "medievalorigins:incubus/spell_power": true,
      "origins:nether_spawn": true
    },
    "lycan:lycan": {
      "enabled": true,
      "lycan:passive_traits/superhuman": true,
      "lycan:passive_traits/nightvision": true,
      "lycan:transform/shapeshift": true,
      "lycan:transform/superhuman_toggle": true,
      "lycan:transform/shift": true,
      "lycan:transform/blood_lust": true,
      "lycan:transform/blood_hunt": true,
      "lycan:cons/blood_hunger": true,
      "lycan:transform/blood_thrill": true,
      "lycan:cons/exposure": true,
      "lycan:cons/silver_touch": true,
      "lycan:cons/untrained": true,
      "lycan:cons/carnivore": true,
      "lycan:transform/howl": true
    },
    "aspects:anemo_layers/tempus": {
      "enabled": true,
      "aspects:anemo/tempus/fleet": true,
      "aspects:anemo/tempus/storm_strength": true,
      "aspects:anemo/tempus/lightning_immunity": true,
      "aspects:anemo/tempus/tempus_primary": true,
      "aspects:anemo/tempus/tempus_secondary": true
    },
    "medievalorigins:alfiq": {
      "enabled": true,
      "medievalorigins:alfiq/clawed": true,
      "medievalorigins:alfiq/poor_grip": true,
      "medievalorigins:alfiq/agile_preference": true,
      "medievalorigins:alfiq/on_your_feet": true,
      "medievalorigins:alfiq/crepuscular": true,
      "medievalorigins:alfiq/pickpocket": true,
      "medievalorigins:alfiq/pickpocket_player": true,
      "medievalorigins:alfiq/pounce": true,
      "origins:carnivore": true,
      "origins:velvet_paws": true,
      "origins:scare_creepers": true,
      "medievalorigins:alfiq/meow": true
    },
    "aspects:anemo_layers/anemo": {
      "enabled": true,
      "aspects:anemo/fleet_footed": true,
      "aspects:anemo/negate_fall_damage": true,
      "aspects:anemo/chained": true,
      "aspects:anemo/windborn": true,
      "aspects:anemo/wise": true,
      "aspects:start": true,
      "aspects:anemo/anemo_team": true
    },
    "medievalorigins:troll": {
      "enabled": true,
      "medievalorigins:troll/ironhide": true,
      "medievalorigins:troll/ham_fisted": true,
      "medievalorigins:troll/mountainous": true,
      "medievalorigins:troll/apex_predator": true,
      "medievalorigins:troll/lumbering": true,
      "medievalorigins:troll/old_blood": true,
      "medievalorigins:troll/out_of_stock": true
    },
    "aspects:hydro": {
      "enabled": true,
      "aspects:water_breathing": true,
      "aspects:constitution": true,
      "aspects:fire_damage": true,
      "aspects:waterborn": true,
      "aspects:hydro_team": true
    },
    "aspects:vacuos": {
      "enabled": true
    },
    "origins-classes:blacksmith": {
      "enabled": true,
      "origins-classes:quality_equipment": true,
      "origins-classes:efficient_repairs": true
    },
    "aspects:ordo": {
      "enabled": true,
      "aspects:holy_light": true,
      "aspects:positive_influence": true,
      "aspects:darkness_damage": true,
      "aspects:night_aversion": true,
      "aspects:holy": true,
      "aspects:lightborn": true,
      "aspects:start": true,
      "aspects:ordo_team": true
    },
    "aspects:hydro/cryo": {
      "enabled": true,
      "aspects:cold_biomes": true,
      "aspects:frost_walker": true,
      "aspects:cryo_primary": true,
      "aspects:cryo_secondary": true
    },
    "aspects:perditio/luna": {
      "enabled": true,
      "aspects:full_moon": true,
      "aspects:nightwalker": true,
      "aspects:wolf_affinity": true,
      "aspects:invisibility": true,
      "aspects:wither_immunity": true,
      "aspects:luna_primary": true,
      "aspects:luna_secondary": true
    },
    "origins-classes:rogue": {
      "enabled": true,
      "origins-classes:sneaky": true,
      "origins-classes:stealth": true,
      "origins-classes:stealth_descriptor": true
    },
    "origins-classes:nitwit": {
      "enabled": true
    },
    "origins:enderian": {
      "enabled": true,
      "origins:throw_ender_pearl": true,
      "origins:water_vulnerability": true,
      "origins:pumpkin_hate": true,
      "origins:extra_reach": true,
      "origins:ender_particles": true,
      "origins:damage_from_potions": true
    },
    "aspects:geo/dendro": {
      "enabled": true,
      "aspects:flower_regen": true,
      "aspects:poison_resistance": true,
      "aspects:bonemeal": true,
      "aspects:grass_speed": true,
      "aspects:dendro_primary": true,
      "aspects:dendro_secondary": true,
      "aspects:golem_expire": true,
      "aspects:golem_resource": true
    },
    "origins:feline": {
      "enabled": true,
      "origins:fall_immunity": true,
      "origins:sprint_jump": true,
      "origins:velvet_paws": true,
      "origins:nine_lives": true,
      "origins:weak_arms": true,
      "origins:scare_creepers": true,
      "origins:cat_vision": true
    },
    "medievalorigins:high_elf": {
      "enabled": true,
      "medievalorigins:high_elf/ebonbreath": true,
      "medievalorigins:high_elf/mystic_affinity": true,
      "medievalorigins:high_elf/fragile": true,
      "medievalorigins:high_elf/mana_rpgmana": true,
      "medievalorigins:high_elf/towering": true,
      "medievalorigins:high_elf/elegant": true,
      "medievalorigins:high_elf/gear_spawn": true,
      "medievalorigins:high_elf/glacial_step": true,
      "medievalorigins:high_elf/extrusive_movement": true,
      "medievalorigins:high_elf/blazenbreath": true,
      "medievalorigins:high_elf/blazenbreath_weak": true,
      "medievalorigins:high_elf/void_warp": true,
      "medievalorigins:high_elf/subclass_picker": true
    },
    "aspects:hydro_layers/altum": {
      "enabled": true
    },
    "medievalorigins:plague_victim": {
      "enabled": true,
      "medievalorigins:plague_victim/foul_aura": true,
      "medievalorigins:plague_victim/plague_immunity": true,
      "medievalorigins:plague_victim/undeadge": true,
      "medievalorigins:plague_victim/risk_of_transmission": true,
      "medievalorigins:plague_victim/contagious": true,
      "medievalorigins:plague_victim/insomniac": true,
      "medievalorigins:plague_victim/sensitive_skin": true,
      "medievalorigins:plague_victim/skin_and_bones": true,
      "medievalorigins:plague_victim/eternal_suffering": true
    },
    "medievalorigins:valkyrie": {
      "enabled": true,
      "medievalorigins:valkyrie/wings": true,
      "medievalorigins:valkyrie/divine_smite": true,
      "medievalorigins:valkyrie/corruption": true,
      "medievalorigins:valkyrie/vanquisher": true,
      "medievalorigins:valkyrie/intervention": true,
      "medievalorigins:valkyrie/heavenly_implements": true,
      "medievalorigins:valkyrie/spell_power": true
    },
    "aspects:pyro/magmus": {
      "enabled": true,
      "aspects:magma_regen": true,
      "aspects:knockback_resistance": true,
      "aspects:increased_health": true,
      "aspects:magmus_primary": true,
      "aspects:magmus_secondary": true
    },
    "medievalorigins:banshee": {
      "enabled": true,
      "medievalorigins:banshee/spectral": true,
      "medievalorigins:banshee/sonic_shriek": true,
      "medievalorigins:banshee/lunar_nexus": true,
      "medievalorigins:banshee/dimeritium_shackles": true,
      "medievalorigins:banshee/hexed": true,
      "medievalorigins:banshee/immaterial": true,
      "medievalorigins:banshee/cursed_sigil": true,
      "medievalorigins:banshee/cursed_ward": true
    },
    "origins:phantom": {
      "enabled": true,
      "origins:phantomize": true,
      "origins:translucent": true,
      "origins:phasing": true,
      "origins:invisibility": true,
      "origins:burn_in_daylight": true,
      "origins:hunger_over_time": true,
      "origins:fragile": true,
      "origins:phantomize_overlay": true
    },
    "origins-classes:beastmaster": {
      "enabled": true,
      "origins-classes:tamed_animal_boost": true,
      "origins-classes:tamed_potion_diffusal": true
    },
    "origins-classes:merchant": {
      "enabled": true,
      "origins-classes:trade_availability": true,
      "origins-classes:rare_wandering_loot": true
    },
    "medievalorigins:wood_elf": {
      "enabled": true,
      "medievalorigins:wood_elf/archer": true,
      "medievalorigins:wood_elf/forest_vision": true,
      "medievalorigins:wood_elf/empowered_shot": true,
      "medievalorigins:wood_elf/eagle_eyed": true,
      "medievalorigins:wood_elf/towering": true,
      "medievalorigins:wood_elf/steward": true,
      "medievalorigins:wood_elf/elegant": true,
      "medievalorigins:wood_elf/graceful": true,
      "medievalorigins:wood_elf/gear_spawn": true
    },
    "origins:avian": {
      "enabled": true,
      "origins:slow_falling": true,
      "origins:fresh_air": true,
      "origins:like_air": true,
      "origins:tailwind": true,
      "origins:lay_eggs": true,
      "origins:vegetarian": true
    },
    "aspects:perditio_layers/luna": {
      "enabled": true,
      "aspects:perditio/luna/full_moon": true,
      "aspects:perditio/luna/nightwalker": true,
      "aspects:perditio/luna/wolf_affinity": true,
      "aspects:perditio/luna/invisibility": true,
      "aspects:perditio/luna/wither_immunity": true,
      "aspects:perditio/luna/luna_primary": true,
      "aspects:perditio/luna/luna_secondary": true
    },
    "origins-classes:archer": {
      "enabled": true,
      "origins-classes:no_projectile_divergence": true,
      "origins-classes:less_bow_slowdown": true
    },
    "aspects:perditio_layers/perditio": {
      "enabled": true,
      "aspects:perditio/void": true,
      "aspects:perditio/undead": true,
      "aspects:perditio/night_strength": true,
      "aspects:perditio/day_aversion": true,
      "aspects:perditio/voidborn": true,
      "aspects:perditio/wither_damage": true,
      "aspects:start": true,
      "aspects:perditio/perditio_team": true
    },
    "dolphling:dolphling": {
      "enabled": true,
      "origins:aqua_affinity": true,
      "origins:like_water": true,
      "origins:no_shield": true,
      "origins:aquatic": true,
      "origins:more_exhaustion": true,
      "dolphling:water_breathing": true,
      "dolphling:fishy_diet": true,
      "dolphling:fishy_diet_buffs": true,
      "dolphling:weak": true,
      "dolphling:breaching": true,
      "dolphling:echolocation": true,
      "dolphling:dehydration": true,
      "dolphling:water_vision": true
    },
    "aspects:hydro_layers/hydro": {
      "enabled": true,
      "aspects:hydro/water_breathing": true,
      "aspects:hydro/constitution": true,
      "aspects:hydro/fire_damage": true,
      "aspects:hydro/waterborn": true,
      "aspects:hydro/hydro_team": true,
      "aspects:start": true
    },
    "air_chidori:air_chidori": {
      "enabled": true,
      "origins:fire_immunity": true,
      "origins:elytra": true,
      "air_chidori:launch_air_chidori": true,
      "air_chidori:inventory_air_chidori": true,
      "air_chidori:prevent_sprint_air_chidori": true,
      "air_chidori:nine_lives_air_chidori": true,
      "air_chidori:particle_air_chidori": true,
      "origins:fresh_air": true
    },
    "cosmo:mage": {
      "enabled": true,
      "cosmo:boom": true,
      "cosmo:keep": true,
      "origins:fragile": true,
      "origins:tailwind": true,
      "origins:sprint_jump": true,
      "cosmo:gun": true,
      "cosmo:spawn": true,
      "origins:cat_vision": true,
      "cosmo:flame": true,
      "origins:slow_falling": true
    },
    "aspects:geo_layers/dendro": {
      "enabled": true,
      "aspects:geo/dendro/flower_regen": true,
      "aspects:geo/dendro/poison_resistance": true,
      "aspects:geo/dendro/grass_speed": true,
      "aspects:geo/dendro/dendro_primary": true,
      "aspects:geo/dendro/dendro_secondary": true,
      "aspects:geo/dendro/golem_expire": true,
      "aspects:geo/dendro/golem_resource": true
    },
    "origins:human": {
      "enabled": true
    },
    "aspects:pyro_layers/magmus": {
      "enabled": true,
      "aspects:pyro/magmus/magma_regen": true,
      "aspects:pyro/magmus/knockback_resistance": true,
      "aspects:pyro/magmus/increased_health": true,
      "aspects:pyro/magmus/magmus_primary": true,
      "aspects:pyro/magmus/magmus_secondary": true
    },
    "origins-classes:lumberjack": {
      "enabled": true,
      "origins-classes:tree_felling": true,
      "origins-classes:more_planks_from_logs": true
    },
    "medievalorigins:high_elf/arcanist": {
      "enabled": true,
      "medievalorigins:high_elf/arcanist/spell_power": true,
      "medievalorigins:high_elf/arcanist/gear_spawn": true
    },
    "extraorigins:piglin": {
      "enabled": true,
      "extraorigins:all_that_glitters": true,
      "extraorigins:crossbow_master": true,
      "extraorigins:piglin_neutrality": true,
      "origins:nether_spawn": true,
      "extraorigins:homesick": true,
      "extraorigins:golden_gluttony": true,
      "extraorigins:flabby": true,
      "extraorigins:soul_spooked": true
    },
    "medievalorigins:moon_elf": {
      "enabled": true,
      "medievalorigins:moon_elf/moonlight_rogue": true,
      "medievalorigins:moon_elf/stealth": true,
      "medievalorigins:moon_elf/ethereal": true,
      "medievalorigins:moon_elf/crazed": true,
      "medievalorigins:moon_elf/elegant": true,
      "medievalorigins:moon_elf/nimble": true,
      "medievalorigins:moon_elf/fragile": true,
      "medievalorigins:moon_elf/towering": true
    },
    "medievalorigins:yeti": {
      "enabled": true,
      "medievalorigins:yeti/frigid_pulse": true,
      "medievalorigins:yeti/from_whence_you_came": true,
      "medievalorigins:yeti/frosty_breath": true,
      "medievalorigins:yeti/titanic": true,
      "medievalorigins:yeti/unstoppable": true,
      "medievalorigins:yeti/winter_body": true,
      "medievalorigins:yeti/flammable": true,
      "medievalorigins:yeti/thick_fur": true
    },
    "origins:shulk": {
      "enabled": true,
      "origins:shulker_inventory": true,
      "origins:natural_armor": true,
      "origins:strong_arms": true,
      "origins:strong_arms_break_speed": true,
      "origins:no_shield": true,
      "origins:more_exhaustion": true
    },
    "origins-classes:cleric": {
      "enabled": true,
      "origins-classes:longer_potions": true,
      "origins-classes:better_enchanting": true
    },
    "aegis:aegis": {
      "enabled": true,
      "aegis:power/swift_step/description": true,
      "aegis:power/swift_step/dash": true,
      "aegis:advantage/hop_skip_drop/description": true,
      "aegis:advantage/hop_skip_drop/less_fall_damage": true,
      "aegis:advantage/overwhelming_advantage/description": true,
      "aegis:advantage/overwhelming_advantage/sprint_attack": true,
      "aegis:advantage/the_best_defense/description": true,
      "aegis:advantage/the_best_defense/resistance": true,
      "aegis:advantage/is_a_good_offense/description": true,
      "aegis:advantage/is_a_good_offense/damage_up": true,
      "aegis:advantage/lack_of_ailments/description": true,
      "aegis:advantage/lack_of_ailments/hunger_immunity": true,
      "aegis:advantage/lack_of_ailments/poison_immunity": true,
      "aegis:advantage/lack_of_ailments/suffocation_immunity": true,
      "aegis:advantage/lack_of_ailments/drowning_immunity": true,
      "aegis:body/towering/description": true,
      "aegis:body/towering/size_2x25": true,
      "aegis:weakness/loaded_steps/description": true,
      "aegis:weakness/loaded_steps/detect_range": true,
      "aegis:weakness/surprisingly_weighty/description": true,
      "aegis:weakness/surprisingly_weighty/slowness": true,
      "aegis:weakness/your_vessel/description": true,
      "aegis:weakness/your_vessel/starting_armor": true,
      "aegis:weakness/your_vessel/wither_without_armor": true,
      "aegis:weakness/heavy_hearted/description": true,
      "aegis:weakness/heavy_hearted/sink": true,
      "aegis:weakness/heavy_hearted/slow_in_water": true,
      "aegis:weakness/oxidation/description": true,
      "aegis:weakness/oxidation/weakness_in_rain": true,
      "aegis:weakness/oxidation/weakness_in_water": true,
      "aegis:diet/description": true,
      "aegis:diet/no_fish": true,
      "aegis:diet/no_vege": true,
      "aegis:diet/no_meat": true,
      "aegis:diet/diamond": true,
      "aegis:diet/gold_ingot": true,
      "aegis:diet/netherite_ingot": true,
      "aegis:diet/iron_ingot": true,
      "aegis:diet/copper_ingot": true,
      "aegis:diet/iron_nugget": true,
      "aegis:diet/gold_nugget": true,
      "aegis:diet/netherite_scrap": true,
      "aegis:diet/raw_iron": true,
      "aegis:diet/raw_gold": true,
      "aegis:diet/raw_copper": true,
      "aegis:ui/breath_bar": true
    },
    "aspects:pyro/ignis": {
      "enabled": true,
      "aspects:hot_biomes": true,
      "aspects:fire_strength": true,
      "aspects:ignis_primary": true,
      "aspects:ignis_secondary": true
    },
    "foxboi_two:foxboi_two": {
      "enabled": true,
      "foxboi_two:pounce": true,
      "foxboi_two:pounce_aerialdamage": true,
      "foxboi_two:pounce_falling": true,
      "foxboi_two:phantomize": true,
      "foxboi_two:phasing": true,
      "foxboi_two:phasing_jump": true,
      "foxboi_two:invisibility": true,
      "foxboi_two:fox_pouch": true,
      "foxboi_two:fox_pouch_sound": true,
      "foxboi_two:run": true,
      "origins:fall_immunity": true,
      "foxboi_two:speed": true,
      "foxboi_two:fragilefox": true,
      "foxboi_two:yummy_berries": true,
      "foxboi_two:zberry_no_hurt": true,
      "foxboi_two:armor": true,
      "foxboi_two:paws": true,
      "foxboi_two:phase_fix": true,
      "foxboi_two:paws_shield": true,
      "foxboi_two:hungy": true,
      "foxboi_two:fox_eyes": true,
      "foxboi_two:monch": true,
      "foxboi_two:yum": true
    },
    "dark_chidori:dark_chidori": {
      "enabled": true,
      "origins:fire_immunity": true,
      "origins:extra_reach": true,
      "origins:ender_particles": true,
      "origins:nether_spawn": true,
      "dark_chidori:arrow_dark_chidori": true,
      "dark_chidori:venomous_arrow_dark_chidori": true,
      "dark_chidori:heal_dark_chidori": true,
      "dark_chidori:venomous_heal_dark_chidori": true,
      "dark_chidori:speed_dark_chidori": true,
      "dark_chidori:venomous_speed_dark_chidori": true,
      "dark_chidori:fall_immunity_dark_chidori": true,
      "dark_chidori:max_health_dark_chidori": true,
      "dark_chidori:walk_on_lava_dark_chidori": true,
      "dark_chidori:walk_on_water_dark_chidori": true,
      "dark_chidori:climbing_dark_chidori": true,
      "dark_chidori:no_ranged_dark_chidori": true,
      "dark_chidori:inventory_dark_chidori": true,
      "dark_chidori:particle_dark_chidori": true,
      "dark_chidori:ember_sleep_dark_chidori": true
    },
    "origins:merling": {
      "enabled": true,
      "origins:water_breathing": true,
      "origins:water_vision": true,
      "origins:aqua_affinity": true,
      "origins:like_water": true,
      "origins:aquatic": true,
      "origins:conduit_power_on_land": true,
      "origins:air_from_potions": true
    },
    "medievalorigins:ogre": {
      "enabled": true,
      "medievalorigins:ogre/gargantuan": true,
      "medievalorigins:ogre/bloodlust": true,
      "medievalorigins:ogre/ravager": true,
      "medievalorigins:ogre/lead_belly": true,
      "medievalorigins:ogre/stocky": true,
      "medievalorigins:ogre/ravenous": true,
      "medievalorigins:ogre/sluggish": true,
      "medievalorigins:ogre/unwieldy": true,
      "medievalorigins:ogre/ogre_properties": true,
      "medievalorigins:ogre/bloodlust_camera": true
    },
    "origins:arachnid": {
      "enabled": true,
      "origins:climbing": true,
      "origins:master_of_webs": true,
      "origins:carnivore": true,
      "origins:fragile": true,
      "origins:arthropod": true
    },
    "extraorigins:inchling": {
      "enabled": true,
      "extraorigins:bite_sized": true,
      "extraorigins:nimble": true,
      "extraorigins:small_appetite": true,
      "origins:climbing": true,
      "extraorigins:jockey": true
    },
    "aspects:ordo_layers/ordo": {
      "enabled": true,
      "aspects:ordo/holy_light": true,
      "aspects:ordo/positive_influence": true,
      "aspects:ordo/darkness_damage": true,
      "aspects:ordo/night_aversion": true,
      "aspects:ordo/holy": true,
      "aspects:ordo/lightborn": true,
      "aspects:start": true,
      "aspects:ordo/ordo_team": true
    },
    "aqua_chidori:aqua_chidori": {
      "enabled": true,
      "aqua_chidori:small_aqua_chidori": true,
      "aqua_chidori:starter_gear_aqua_chidori": true,
      "aqua_chidori:inventory_aqua_chidori": true,
      "aqua_chidori:modify_crafting_aqua_chidori": true,
      "aqua_chidori:modify_crafting2_aqua_chidori": true,
      "aqua_chidori:hotblood_aqua_chidori": true,
      "origins:water_breathing": true,
      "origins:water_vision": true,
      "origins:aqua_affinity": true,
      "origins:like_water": true,
      "origins:aquatic": true,
      "origins:conduit_power_on_land": true,
      "origins:air_from_potions": true,
      "aqua_chidori:climbing_aqua_chidori": true,
      "aqua_chidori:lava_vision_aqua_chidori": true,
      "aqua_chidori:fire_immunity_aqua_chidori": true,
      "aqua_chidori:lava_speed_aqua_chidori": true,
      "aqua_chidori:less_hearts_aqua_chidori": true,
      "aqua_chidori:light_armor_aqua_chidori": true,
      "aqua_chidori:particle_aqua_chidori": true,
      "aqua_chidori:xp_slower_aqua_chidori": true
    },
    "craw:craw": {
      "enabled": true,
      "craw:jump": true,
      "craw:caw": true,
      "craw:night": true,
      "craw:craft": true,
      "craw:flap": true,
      "craw:senses": true,
      "craw:greedy": true,
      "craw:undetectable": true,
      "craw:mate": true,
      "craw:torn": true,
      "craw:spawn": true,
      "craw:egg": true,
      "craw:small": true,
      "craw:rivals": true,
      "craw:fly": true,
      "craw:saturation": true,
      "craw:fall": true,
      "craw:energy": true,
      "craw:regen": true,
      "craw:material": true,
      "craw:arrow": true,
      "craw:bird": true,
      "craw:cursed": true,
      "craw:flammable": true,
      "craw:skin": true,
      "craw:hunter": true,
      "craw:shiny": true,
      "craw:wing": true
    },
    "aspects:geo_layers/geo": {
      "enabled": true,
      "aspects:geo/resistance": true,
      "aspects:geo/explosion_damage": true,
      "aspects:geo/earthborn": true,
      "aspects:start": true,
      "aspects:geo/geo_team": true
    },
    "extraorigins:truffle": {
      "enabled": true,
      "extraorigins:magic_spores": true,
      "extraorigins:infestation": true,
      "extraorigins:rooted": true,
      "extraorigins:decomposition": true
    },
    "medievalorigins:arachnae": {
      "enabled": true,
      "medievalorigins:arachnae/climber": true,
      "medievalorigins:arachnae/many_eyes": true,
      "medievalorigins:arachnae/venomous_bite": true,
      "medievalorigins:arachnae/web_slinger": true,
      "medievalorigins:arachnae/bottomless_stomach": true,
      "medievalorigins:arachnae/brittle": true,
      "medievalorigins:arachnae/fragile_exoskeleton": true,
      "origins:master_of_webs": true,
      "origins:arthropod": true
    },
    "apocalypse:myconoid_berry": {
      "enabled": true,
      "apocalypse:myconoids/berry_callback": true,
      "apocalypse:myconoids/berry_passives": true,
      "apocalypse:myconoids/berry_primary": true,
      "apocalypse:myconoids/overworld_secondaries": true,
      "apocalypse:myconoids/heat_weakness": true,
      "apocalypse:myconoids/resource_temperature": true,
      "apocalypse:myconoids/turf_penalty": true,
      "apocalypse:myconoids/universal_toggle": true
    },
    "apocalypse:myconoid_brown": {
      "enabled": true,
      "apocalypse:myconoids/brown_callback": true,
      "apocalypse:myconoids/brown_passives": true,
      "apocalypse:myconoids/brown_primary": true,
      "apocalypse:myconoids/overworld_secondaries": true,
      "apocalypse:myconoids/cold_weakness": true,
      "apocalypse:myconoids/heat_weakness": true,
      "apocalypse:myconoids/resource_temperature": true,
      "apocalypse:myconoids/turf_penalty": true,
      "apocalypse:myconoids/universal_toggle": true
    },
    "apocalypse:nitwit": {
      "enabled": true,
      "apocalypse:classes/nitwit": true
    },
    "apocalypse:myconoid_crimson": {
      "enabled": true,
      "apocalypse:myconoids/crimson_callback": true,
      "apocalypse:myconoids/crimson_passives": true,
      "apocalypse:myconoids/crimson_primary": true,
      "apocalypse:myconoids/crimson_secondary": true,
      "apocalypse:myconoids/cold_weakness": true,
      "apocalypse:myconoids/resource_temperature": true,
      "apocalypse:myconoids/turf_penalty": true,
      "apocalypse:myconoids/universal_toggle": true
    },
    "apocalypse:myconoid_red": {
      "enabled": true,
      "apocalypse:myconoids/red_callback": true,
      "apocalypse:myconoids/red_passives": true,
      "apocalypse:myconoids/red_primary": true,
      "apocalypse:myconoids/overworld_secondaries": true,
      "apocalypse:myconoids/cold_weakness": true,
      "apocalypse:myconoids/heat_weakness": true,
      "apocalypse:myconoids/resource_temperature": true,
      "apocalypse:myconoids/turf_penalty": true,
      "apocalypse:myconoids/universal_toggle": true
    },
    "apocalypse:myconoid_moss": {
      "enabled": true,
      "apocalypse:myconoids/moss_callback": true,
      "apocalypse:myconoids/moss_passives": true,
      "apocalypse:myconoids/moss_primary": true,
      "apocalypse:myconoids/overworld_secondaries": true,
      "apocalypse:myconoids/heat_weakness": true,
      "apocalypse:myconoids/resource_temperature": true,
      "apocalypse:myconoids/turf_penalty": true,
      "apocalypse:myconoids/universal_toggle": true
    },
    "apocalypse:myconoid_wart": {
      "enabled": true,
      "apocalypse:myconoids/wart_callback": true,
      "apocalypse:myconoids/wart_passives": true,
      "apocalypse:myconoids/wart_primary": true,
      "apocalypse:myconoids/wart_secondary": true,
      "apocalypse:myconoids/cold_weakness": true,
      "apocalypse:myconoids/resource_temperature": true,
      "apocalypse:myconoids/turf_penalty": true,
      "apocalypse:myconoids/universal_toggle": true
    },
    "apocalypse:myconoid_chorus": {
      "enabled": true,
      "apocalypse:myconoids/chorus_callback": true,
      "apocalypse:myconoids/chorus_passives": true,
      "apocalypse:myconoids/chorus_primary": true,
      "apocalypse:myconoids/chorus_secondary": true,
      "apocalypse:myconoids/heat_weakness": true,
      "apocalypse:myconoids/resource_temperature": true,
      "apocalypse:myconoids/turf_penalty": true,
      "apocalypse:myconoids/chorus_void_bounce": true,
      "apocalypse:myconoids/universal_toggle": true
    },
    "apocalypse:apocalypse_hidden": {
      "enabled": true,
      "apocalypse:hidden": true
    },
    "apocalypse:myconoid_desert": {
      "enabled": true,
      "apocalypse:myconoids/cactus_callback": true,
      "apocalypse:myconoids/cactus_passives": true,
      "apocalypse:myconoids/cactus_primary": true,
      "apocalypse:myconoids/overworld_secondaries": true,
      "apocalypse:myconoids/cold_weakness": true,
      "apocalypse:myconoids/heat_weakness": true,
      "apocalypse:myconoids/resource_temperature": true,
      "apocalypse:myconoids/turf_penalty": true,
      "apocalypse:myconoids/universal_toggle": true
    },
    "apocalypse:fungal_healer": {
      "enabled": true,
      "apocalypse:classes/fungal_healer": true
    },
    "apocalypse:hex_hunter": {
      "enabled": true,
      "apocalypse:classes/hex_hunter": true
    },
    "apocalypse:smallbane": {
      "enabled": true,
      "apocalypse:classes/smallbane_callback": true,
      "apocalypse:classes/extra_jump": true
    },
    "apocalypse:refractor2": {
      "enabled": true,
      "apocalypse:refractor2/passives": true,
      "apocalypse:refractor2/primary": true,
      "apocalypse:refractor2/secondary": true,
      "apocalypse:refractor2/craft_regulator": true,
      "apocalypse:refractor2/craft_coord_blocks": true,
      "apocalypse:refractor2/craft_world_blocks": true
    },
    "apocalypse:myconoid_warped": {
      "enabled": true,
      "apocalypse:myconoids/warped_callback": true,
      "apocalypse:myconoids/warped_passives": true,
      "apocalypse:myconoids/warped_primary": true,
      "apocalypse:myconoids/warped_secondary": true,
      "apocalypse:myconoids/cold_weakness": true,
      "apocalypse:myconoids/resource_temperature": true,
      "apocalypse:myconoids/turf_penalty": true,
      "apocalypse:myconoids/universal_toggle": true
    },
    "apocalypse:myconoid_skulk": {
      "enabled": true,
      "apocalypse:myconoids/skulk_callback": true,
      "apocalypse:myconoids/skulk_passives": true,
      "apocalypse:myconoids/overworld_secondaries": true,
      "apocalypse:myconoids/cold_weakness": true,
      "apocalypse:myconoids/heat_weakness": true,
      "apocalypse:myconoids/resource_temperature": true,
      "apocalypse:myconoids/turf_penalty": true,
      "apocalypse:myconoids/universal_toggle": true
    },
    "apocalypse:hex_warrior": {
      "enabled": true,
      "apocalypse:classes/hex_warrior": true
    },
    "apocalypse:geneticist": {
      "enabled": true,
      "apocalypse:geneticist/geneticist_callback": true,
      "apocalypse:geneticist/geneticist_passives": true,
      "apocalypse:geneticist/gene_harvest": true,
      "apocalypse:geneticist/gene_harvest_locked": true,
      "apocalypse:geneticist/craft_syringe": true,
      "apocalypse:geneticist/craft_syringe_reinforced": true,
      "apocalypse:geneticist/craft_stabilizer": true,
      "apocalypse:geneticist/craft_antimutagens": true,
      "apocalypse:geneticist/craft_rnabackup": true,
      "apocalypse:geneticist/craft_mutagens": true,
      "apocalypse:geneticist/craft_genelock": true,
      "apocalypse:geneticist/stabilize_active": true,
      "apocalypse:geneticist/craft_analyzer": true,
      "apocalypse:geneticist/craft_duplicator": true,
      "apocalypse:geneticist/duplicator_use": true,
      "apocalypse:geneticist/genetic_engineering": true,
      "apocalypse:geneticist/genetic_engineering_active": true
    },
    "apocalypse:myconoid_spore": {
      "enabled": true,
      "apocalypse:myconoids/spore_callback": true,
      "apocalypse:myconoids/spore_passives": true,
      "apocalypse:myconoids/spore_secondaries": true,
      "apocalypse:myconoids/resource_temperature": true,
      "apocalypse:myconoids/spore_cold": true,
      "apocalypse:myconoids/spore_heat": true,
      "apocalypse:myconoids/turf_penalty": true
    },
    "apocalypse:hexblade": {
      "enabled": true,
      "apocalypse:hexblade/craft_altars": true,
      "apocalypse:hexblade/hexblade_callback": true,
      "apocalypse:hexblade/hexblade_passives": true,
      "apocalypse:hexblade/hexblade_resource_risk": true,
      "apocalypse:hexblade/hexblade_resource_nostalgia": true,
      "apocalypse:hexblade/hexblade_primary": true,
      "apocalypse:hexblade/hexblade_primary_b": true,
      "apocalypse:hexblade/hexblade_secondary": true,
      "apocalypse:hexblade/hexblade_right_click": true,
      "apocalypse:hexblade/hexblade_resource_ultimates": true,
      "apocalypse:hexblade/description_soul_barrier": true,
      "apocalypse:hexblade/description_risk": true,
      "apocalypse:hexblade/description_nostalgia": true,
      "apocalypse:hexblade/description_buoyancy": true,
      "apocalypse:hexblade/description_one_soul": true,
      "apocalypse:hexblade/description_item_curse": true,
      "apocalypse:hexblade/description_smite_of_radiance": true,
      "apocalypse:hexblade/description_hunters": true,
      "apocalypse:hexblade/description_inanimate": true,
      "apocalypse:hexblade/description_intangible": true,
      "apocalypse:hexblade/description_timeless": true,
      "apocalypse:hexblade/description_dash_slash": true,
      "apocalypse:hexblade/description_parry": true,
      "apocalypse:hexblade/description_secondary": true
    },
    "juknight:the_knight": {
      "enabled": true,
      "juknight:craft_nail": true,
      "juknight:passives": true,
      "juknight:primary": true,
      "juknight:secondary": true,
      "juknight:compat_rpg_attributes": true
    }
  }
}