{
  "#README": "This config file does not support comments. To see them configure it in-game using YACL or Cloth Config",
  "general": {
    "sort_recipes": true,
    "save_recipes": false,
    "dynamic_recipes": true,
    "allow_non_blocks": true,
    "allow_non_variant": true,
    "mods_blacklist": [
      "framedblocks"
    ],
    "limit_planks_input_to_one": true,
    "wider_gui": false,
    "search_bar_mode": "AUTOMATIC",
    "search_bar_threshold": 32,
    "special_recipe_costs": {
      "boat": 4.0,
      "stairs": 1.0
    },
    "max_discount": 0.35,
    "ignore_custom_ingredients": true
  }
}