{
  "amethyst": {
    "enabled": true
  },
  "attributes": {
    "brewers_dream": {
      "modification_chance": 0.075
    },
    "echoing": {
      "base_dampening_duration": 300,
      "dampening_reduction": 60,
      "echo_duration": 5
    },
    "electrifying": {
      "radius": 2
    },
    "enchanters_favour": {
      "rerolls": 1
    },
    "ends_blessing": {
      "attack_damage": 0.5,
      "attack_speed": 0.3,
      "movement_speed": 0.03,
      "resistance": 0.03
    },
    "fire_aspect": {
      "base": 4,
      "seconds_per_level": 4
    },
    "firey_thorns": {
      "base": 4,
      "seconds_per_level": 4
    },
    "hells_blessing": {
      "attack_damage": 0.5,
      "attack_speed": 0.3,
      "movement_speed": 0.03,
      "resistance": 0.03
    },
    "item_magnet": {
      "radius": 1.0
    },
    "light_footed": {
      "noise_dampening": 1.0
    },
    "miners_rush": {
      "bonus_mine_speed": 0.25,
      "seconds_per_level": 2.5
    },
    "moons_blessing": {
      "attack_damage": 0.5,
      "attack_speed": 0.3,
      "movement_speed": 0.03,
      "resistance": 0.03
    },
    "suns_blessing": {
      "attack_damage": 0.5,
      "attack_speed": 0.3,
      "movement_speed": 0.03,
      "resistance": 0.03
    },
    "walking_furnace": {
      "items_to_smelt": 2
    }
  },
  "chorus": {
    "dodge_chance": 0.07,
    "enabled": true
  },
  "coal": {
    "enabled": true
  },
  "copper": {
    "enabled": true
  },
  "diamond": {
    "enabled": true
  },
  "dragons_breath": {
    "enabled": true,
    "share_effect_radius": 1
  },
  "echo_shard": {
    "enabled": true
  },
  "emerald": {
    "enabled": true,
    "trade_discount": 0.1
  },
  "enchanted_golden_apple": {
    "enabled": true,
    "max_health": 3,
    "regeneration": 0.4,
    "resistance": 0.04
  },
  "ender_pearl": {
    "enabled": true,
    "projectile_dodge_chance": 0.25
  },
  "fire_charge": {
    "enabled": true,
    "fire_resistance": 0.15
  },
  "glowstone": {
    "enabled": true
  },
  "gold": {
    "enabled": true
  },
  "iron": {
    "enabled": true
  },
  "lapis": {
    "enabled": true
  },
  "leather": {
    "enabled": true
  },
  "nether_brick": {
    "cleaving_chance": 0.03,
    "enabled": true,
    "fire_resistance": 0.12
  },
  "netherite": {
    "enabled": true,
    "fire_resistance": 0.2,
    "resistance": 0.08
  },
  "prismarine": {
    "enabled": true,
    "swim_speed": 0.5
  },
  "quartz": {
    "bonus_xp": 0.1,
    "enabled": true
  },
  "rabbit": {
    "enabled": false
  },
  "redstone": {
    "enabled": true,
    "movement_speed": 0.1,
    "step_height": 0.5
  },
  "slime": {
    "attack_knockback": 1.0,
    "bouncy_boots": true,
    "enabled": true,
    "knockback_vulnerability": 1.0
  }
}