{
	"Price of Glory": {
		"title": "Price of Glory",
		"icon": {
			"type": "item",
			"data": {
				"item": "emerald"
			}
		},
		"rewards": [],
		"editor-color": "#ff00a6",
		"metadata": {
			"icon": "w2b9axutsywgk4hz"
		}
	},
	"determination_big": {
		"title": "+15% Determination",
		"frame": "challenge",
		"icon": {
			"type": "effect",
			"data": {
				"effect": "bad_omen"
			}
		},
		"rewards": [
			{
				"type": "puffish_skills:attribute",
				"data": {
					"attribute": "extraspellattributes:determination",
					"value": 0.15,
					"operation": "multiply_base"
				}
			}
		],
		"editor-color": "#ff00a6",
		"metadata": {
			"icon": "w2b9axutsywgk4hz"
		}
	},
	"mana": {
		"title": "+5 Maximum Mana",
		"icon": {
			"type": "item",
			"data": {
				"item": "rpgmana:mana"
			}
		},
		"rewards": [
			{
				"type": "puffish_skills:attribute",
				"data": {
					"attribute": "rpgmana:mana",
					"value": 5,
					"operation": "addition"
				}
			}
		],
		"editor-color": "#ff00a6",
		"metadata": {
			"icon": "w2b9axutsywgk4hz"
		}
	},
	"life": {
		"title": "+10% Maximum Life",
		"icon": {
			"type": "effect",
			"data": {
				"effect": "regeneration"
			}
		},
		"rewards": [
			{
				"type": "puffish_skills:attribute",
				"data": {
					"attribute": "generic.max_health",
					"value": 0.1,
					"operation": "multiply_base"
				}
			}
		],
		"editor-color": "#ff00a6",
		"metadata": {
			"icon": "w2b9axutsywgk4hz"
		}
	},
	"mana_big": {
		"title": "+20 Maximum Mana",
		"frame": "challenge",
		"icon": {
			"type": "item",
			"data": {
				"item": "rpgmana:mana"
			}
		},
		"rewards": [
			{
				"type": "puffish_skills:attribute",
				"data": {
					"attribute": "rpgmana:mana",
					"value": 20,
					"operation": "addition"
				}
			}
		],
		"editor-color": "#ff00a6",
		"metadata": {
			"icon": "vbzeh33s4qi1oce2"
		}
	},
	"mana_regen": {
		"title": "+10% Mana Regeneration Rate",
		"icon": {
			"type": "effect",
			"data": {
				"effect": "rpgmana:magical_stability"
			}
		},
		"rewards": [
			{
				"type": "puffish_skills:attribute",
				"data": {
					"attribute": "rpgmana:manaregen",
					"value": 0.1,
					"operation": "multiply_base"
				}
			}
		],
		"editor-color": "#ff00a6",
		"metadata": {
			"icon": "w2b9axutsywgk4hz"
		}
	},
	"mana_regen_big": {
		"title": "+40% Mana Regeneration Rate",
		"icon": {
			"type": "effect",
			"data": {
				"effect": "rpgmana:magical_stability"
			}
		},
		"rewards": [
			{
				"type": "puffish_skills:attribute",
				"data": {
					"attribute": "rpgmana:manaregen",
					"value": 0.4,
					"operation": "multiply_base"
				}
			}
		],
		"editor-color": "#ff00a6",
		"metadata": {
			"icon": "8e9cpt8j89x1cdv6"
		}
	},
	"ranged_damage+3%": {
		"title": "+5% Projectile Damage",
		"icon": {
			"type": "item",
			"data": {
				"item": "bow"
			}
		},
		"rewards": [
			{
				"type": "puffish_skills:attribute",
				"data": {
					"attribute": "puffish_attributes:player.ranged_damage",
					"value": 0.05,
					"operation": "multiply_base"
				}
			}
		],
		"editor-color": "#639c85",
		"metadata": {
			"icon": "rbprmf8tio155qf2"
		}
	},
	"life plus": {
		"title": "+20% Maximum Life",
		"frame": "challenge",
		"icon": {
			"type": "effect",
			"data": {
				"effect": "regeneration"
			}
		},
		"rewards": [
			{
				"type": "puffish_skills:attribute",
				"data": {
					"attribute": "generic.max_health",
					"value": 0.02,
					"operation": "multiply_base"
				}
			}
		],
		"editor-color": "#00ff9f",
		"metadata": {
			"icon": "7xp0sre3eq1igfaj"
		}
	},
	"warding plus": {
		"title": "+4 Reabsorption",
		"frame": "challenge",
		"icon": {
			"type": "effect",
			"data": {
				"effect": "absorption"
			}
		},
		"rewards": [
			{
				"type": "puffish_skills:attribute",
				"data": {
					"attribute": "extraspellattributes:reabsorption",
					"value": 1,
					"operation": "addition"
				}
			}
		],
		"editor-color": "#60fe01",
		"metadata": {
			"icon": "mtk65vtrwkb7fzkd"
		}
	},
	"jump": {
		"title": "+4%[+] Jump",
		"icon": {
			"type": "effect",
			"data": {
				"effect": "jump_boost"
			}
		},
		"rewards": [
			{
				"type": "puffish_skills:attribute",
				"data": {
					"attribute": "puffish_skills:player.jump",
					"value": 0.04,
					"operation": "multiply_base"
				}
			}
		],
		"editor-color": "#0031ff",
		"metadata": {
			"icon": "x0t7yrqtafuoe1cg"
		}
	},
	"fire plus": {
		"title": "+12% Fire Power and Ranged Weapon Damage",
		"frame": "challenge",
		"icon": {
			"type": "effect",
			"data": {
				"effect": "spell_power:fire"
			}
		},
		"rewards": [
			{
				"type": "puffish_skills:attribute",
				"data": {
					"attribute": "spell_power:fire",
					"value": 0.12,
					"operation": "multiply_base"
				}
			},
			{
				"type": "puffish_skills:attribute",
				"data": {
					"attribute": "ranged_weapon:damage",
					"value": 0.12,
					"operation": "multiply_base"
				}
			}
		],
		"editor-color": "#00ffe4",
		"metadata": {
			"icon": "2y0i2pqpb1nvh5m9"
		}
	},
	"donoharm": {
		"title": "+5% Healing Spell Power",
		"icon": {
			"type": "item",
			"data": {
				"item": "runes:healing_stone"
			}
		},
		"rewards": [
			{
				"type": "puffish_skills:attribute",
				"data": {
					"attribute": "spell_power:healing",
					"value": 0.05,
					"operation": "multiply_base"
				}
			}
		],
		"editor-color": "#9d00ff",
		"metadata": {
			"icon": "ch3syd6d4yojvsmp"
		}
	},
	"armor+10%": {
		"title": "+10%[x] Armor",
		"icon": {
			"type": "item",
			"data": {
				"item": "shield"
			}
		},
		"rewards": [
			{
				"type": "puffish_skills:attribute",
				"data": {
					"attribute": "generic.armor",
					"value": 0.1,
					"operation": "multiply_base"
				}
			}
		],
		"editor-color": "#474ab8",
		"metadata": {
			"icon": "udrig12pe3yh5jff"
		}
	},
	"toughness+10%": {
		"title": "+10%[x] Toughness",
		"icon": {
			"type": "effect",
			"data": {
				"effect": "resistance"
			}
		},
		"rewards": [
			{
				"type": "puffish_skills:attribute",
				"data": {
					"attribute": "generic.armor_toughness",
					"value": 0.1,
					"operation": "multiply_base"
				}
			}
		],
		"editor-color": "#30ff00",
		"metadata": {
			"icon": "ei0sswkgeq7ukeb8"
		}
	},
	"melee_damage+12%": {
		"title": "+4%[+] Attack Damage",
		"icon": {
			"type": "effect",
			"data": {
				"effect": "strength"
			}
		},
		"rewards": [
			{
				"type": "puffish_skills:attribute",
				"data": {
					"attribute": "generic.attack_damage",
					"value": 0.04,
					"operation": "multiply_base"
				}
			}
		],
		"editor-color": "#00efff",
		"metadata": {
			"icon": "umug6zhekfdjhjl2"
		}
	},
	"ranged_damage+12%": {
		"title": "+15%[+] Projectile Damage",
		"frame": "challenge",
		"icon": {
			"type": "item",
			"data": {
				"item": "bow"
			}
		},
		"rewards": [
			{
				"type": "puffish_skills:attribute",
				"data": {
					"attribute": "puffish_attributes:player.ranged_damage",
					"value": 0.12,
					"operation": "multiply_base"
				}
			}
		],
		"editor-color": "#669968",
		"metadata": {
			"icon": "awy2r5a3zzfl0oau"
		}
	},
	"holy plus": {
		"title": "+12% Healing Spell Power",
		"frame": "challenge",
		"icon": {
			"type": "effect",
			"data": {
				"effect": "spell_power:healing"
			}
		},
		"rewards": [
			{
				"type": "puffish_skills:attribute",
				"data": {
					"attribute": "spell_power:healing",
					"value": 0.12,
					"operation": "multiply_base"
				}
			}
		],
		"editor-color": "#669968",
		"metadata": {
			"icon": "awy2r5a3zzfl0oau"
		}
	},
	"attack_speed+6%": {
		"title": "+4%[+] Attack Speed",
		"icon": {
			"type": "item",
			"data": {
				"item": "golden_sword"
			}
		},
		"rewards": [
			{
				"type": "puffish_skills:attribute",
				"data": {
					"attribute": "generic.attack_speed",
					"value": 0.04,
					"operation": "multiply_base"
				}
			}
		],
		"editor-color": "#ffe500",
		"metadata": {
			"icon": "5k7tuyzym7ccplyt"
		}
	},
	"movement_speed+6%": {
		"title": "+6%[+] Movement Speed",
		"icon": {
			"type": "effect",
			"data": {
				"effect": "speed"
			}
		},
		"rewards": [
			{
				"type": "puffish_skills:attribute",
				"data": {
					"attribute": "generic.movement_speed",
					"value": 0.06,
					"operation": "multiply_base"
				}
			}
		],
		"editor-color": "#5aa758",
		"metadata": {
			"icon": "fy8tphkyl546wqv7"
		}
	},
	"movespeed plus": {
		"title": "+12%[+] Movement Speed",
		"frame": "challenge",
		"icon": {
			"type": "effect",
			"data": {
				"effect": "speed"
			}
		},
		"rewards": [
			{
				"type": "puffish_skills:attribute",
				"data": {
					"attribute": "generic.movement_speed",
					"value": 0.012,
					"operation": "multiply_base"
				}
			}
		],
		"editor-color": "#5aa758",
		"metadata": {
			"icon": "4y3c3zyh2h4c9ot7"
		}
	},
	"stamina+8%": {
		"title": "+8%[+] Stamina",
		"icon": {
			"type": "effect",
			"data": {
				"effect": "saturation"
			}
		},
		"rewards": [
			{
				"type": "puffish_skills:attribute",
				"data": {
					"attribute": "puffish_skills:player.stamina",
					"value": 0.08,
					"operation": "multiply_base"
				}
			}
		],
		"editor-color": "#ff5300",
		"metadata": {
			"icon": "o5h7qkn64vahmzet"
		}
	},
	"fire+12%": {
		"title": "+4%[+] Fire Power and Ranged Weapon Damage",
		"icon": {
			"type": "item",
			"data": {
				"item": "runes:fire_stone"
			}
		},
		"rewards": [
			{
				"type": "puffish_skills:attribute",
				"data": {
					"attribute": "spell_power:fire",
					"value": 0.04,
					"operation": "multiply_base"
				}
			},
			{
				"type": "puffish_skills:attribute",
				"data": {
					"attribute": "ranged_weapon:damage",
					"value": 0.04,
					"operation": "multiply_base"
				}
			}
		],
		"editor-color": "#d3622c",
		"metadata": {
			"icon": "blk1iwv76tjplwd7"
		}
	},
	"determination": {
		"title": "+5% Determination",
		"icon": {
			"type": "effect",
			"data": {
				"effect": "bad_omen"
			}
		},
		"rewards": [
			{
				"type": "puffish_skills:attribute",
				"data": {
					"attribute": "extraspellattributes:determination",
					"value": 0.05,
					"operation": "multiply_base"
				}
			}
		],
		"editor-color": "#d3622c",
		"metadata": {
			"icon": "0f5utr2leikc750a"
		}
	},
	"melee plus": {
		"title": "+12% Attack Damage",
		"frame": "challenge",
		"icon": {
			"type": "item",
			"data": {
				"item": "iron_sword"
			}
		},
		"rewards": [
			{
				"type": "puffish_skills:attribute",
				"data": {
					"attribute": "generic.attack_damage",
					"value": 0.12,
					"operation": "multiply_base"
				}
			}
		],
		"editor-color": "#00ffff",
		"metadata": {
			"icon": "bhdrhzeibsr4256j"
		}
	},
	"aspirant": {
		"title": "Aspirant",
		"frame": "challenge",
		"icon": {
			"type": "item",
			"data": {
				"item": "golden_helmet"
			}
		},
		"rewards": [],
		"editor-color": "#00ffff",
		"metadata": {
			"icon": "bhdrhzeibsr4256j"
		}
	},
	"frost+12%": {
		"title": "+4%[+] Frost Power and Ranged Weapon Damage",
		"icon": {
			"type": "item",
			"data": {
				"item": "runes:frost_stone"
			}
		},
		"rewards": [
			{
				"type": "puffish_skills:attribute",
				"data": {
					"attribute": "spell_power:frost",
					"value": 0.04,
					"operation": "multiply_base"
				}
			},
			{
				"type": "puffish_skills:attribute",
				"data": {
					"attribute": "ranged_weapon:damage",
					"value": 0.04,
					"operation": "multiply_base"
				}
			}
		],
		"editor-color": "#00ffff",
		"metadata": {
			"icon": "bhdrhzeibsr4256j"
		}
	},
	"arcane+12%": {
		"title": "+5%[+] Arcane Power",
		"icon": {
			"type": "item",
			"data": {
				"item": "runes:arcane_stone"
			}
		},
		"rewards": [
			{
				"type": "puffish_skills:attribute",
				"data": {
					"attribute": "spell_power:arcane",
					"value": 0.05,
					"operation": "multiply_base"
				}
			}
		],
		"editor-color": "#dc23ce",
		"metadata": {
			"icon": "hp6ow020o7015jci"
		}
	},
	"eldritch": {
		"title": "+12%[+] Arcane Power",
		"icon": {
			"type": "effect",
			"data": {
				"effect": "spell_power:arcane"
			}
		},
		"rewards": [
			{
				"type": "puffish_skills:attribute",
				"data": {
					"attribute": "spell_power:arcane",
					"value": 0.12,
					"operation": "multiply_base"
				}
			}
		],
		"editor-color": "#00ffe4",
		"metadata": {
			"icon": "fc1c5d32oz0i1kqb"
		}
	},
	"attackspeed plus": {
		"title": "+12% Attack Speed",
		"frame": "challenge",
		"icon": {
			"type": "item",
			"data": {
				"item": "golden_sword"
			}
		},
		"rewards": [
			{
				"type": "puffish_skills:attribute",
				"data": {
					"attribute": "generic.attack_speed",
					"value": 0.12,
					"operation": "multiply_base"
				}
			}
		],
		"editor-color": "#9d00ff",
		"metadata": {
			"icon": "0h2gvmua5115ky8p"
		}
	},
	"stamina plus": {
		"title": "+40% Stamina",
		"frame": "challenge",
		"icon": {
			"type": "effect",
			"data": {
				"effect": "saturation"
			}
		},
		"rewards": [
			{
				"type": "puffish_skills:attribute",
				"data": {
					"attribute": "puffish_skills:player.stamina",
					"value": 0.4,
					"operation": "multiply_base"
				}
			}
		],
		"editor-color": "#ae519b",
		"metadata": {
			"icon": "sgbyvzen7py7jxar"
		}
	},
	"toughness plus": {
		"title": "+20% Armor Toughness",
		"frame": "challenge",
		"icon": {
			"type": "effect",
			"data": {
				"effect": "resistance"
			}
		},
		"rewards": [
			{
				"type": "puffish_skills:attribute",
				"data": {
					"attribute": "generic.armor_toughness",
					"value": 0.4,
					"operation": "multiply_base"
				}
			}
		],
		"editor-color": "#3d72c2",
		"metadata": {
			"icon": "ca03nqkhbf21zdxh"
		}
	},
	"agnostic": {
		"title": "Heart of Gold - +25%[x] Reabsorption, 90% less health [x]",
		"frame": "challenge",
		"icon": {
			"type": "item",
			"data": {
				"item": "enchanted_golden_apple"
			}
		},
		"rewards": [
			{
				"type": "puffish_skills:attribute",
				"data": {
					"attribute": "extraspellattributes:reabsorption",
					"value": 0.25,
					"operation": "multiply_total"
				}
			},
			{
				"type": "puffish_skills:attribute",
				"data": {
					"attribute": "generic.max_health",
					"value": -0.9,
					"operation": "multiply_total"
				}
			}
		],
		"editor-color": "#30ff00",
		"metadata": {
			"icon": "m1haav5g6sue1j5w"
		}
	},
	"warding": {
		"title": "+1 Reabsorption, +7.5%[+] Reabsorption",
		"icon": {
			"type": "item",
			"data": {
				"item": "golden_apple"
			}
		},
		"rewards": [
			{
				"type": "puffish_skills:attribute",
				"data": {
					"attribute": "extraspellattributes:reabsorption",
					"value": 1,
					"operation": "addition"
				}
			},
			{
				"type": "puffish_skills:attribute",
				"data": {
					"attribute": "extraspellattributes:reabsorption",
					"value": 0.075,
					"operation": "multiply_base"
				}
			}
		],
		"editor-color": "#30ff00",
		"metadata": {
			"icon": "zmulivg28lhvy69c"
		}
	},
	"armour plus": {
		"title": "+20% Armour",
		"frame": "challenge",
		"icon": {
			"type": "item",
			"data": {
				"item": "iron_chestplate"
			}
		},
		"rewards": [
			{
				"type": "puffish_skills:attribute",
				"data": {
					"attribute": "generic.armor",
					"value": 0.2,
					"operation": "multiply_base"
				}
			}
		],
		"editor-color": "#30ff00",
		"metadata": {
			"icon": "zmulivg28lhvy69c"
		}
	},
	"iceking": {
		"title": "+12% Frost Power and Ranged Weapon Damage",
		"frame": "challenge",
		"icon": {
			"type": "effect",
			"data": {
				"effect": "spell_power:frost"
			}
		},
		"rewards": [
			{
				"type": "puffish_skills:attribute",
				"data": {
					"attribute": "spell_power:frost",
					"value": 0.12,
					"operation": "multiply_base"
				}
			},
			{
				"type": "puffish_skills:attribute",
				"data": {
					"attribute": "ranged_weapon:damage",
					"value": 0.12,
					"operation": "multiply_base"
				}
			}
		],
		"editor-color": "#00ffe4",
		"metadata": {
			"icon": "8e4qzvsfm8y83wk2"
		}
	},
	"jump plus": {
		"title": "+12%[+] Jump",
		"frame": "challenge",
		"icon": {
			"type": "effect",
			"data": {
				"effect": "jump_boost"
			}
		},
		"rewards": [
			{
				"type": "puffish_skills:attribute",
				"data": {
					"attribute": "puffish_skills:player.jump",
					"value": 0.12,
					"operation": "multiply_base"
				}
			}
		],
		"editor-color": "#7f7f7f",
		"metadata": {
			"icon": "gtx6xwc3nsz8dpa8"
		}
	},
	"critchance": {
		"title": "+1%[+] Critical Strike Chance With Spells",
		"icon": {
			"type": "effect",
			"data": {
				"effect": "spell_power:critical_chance"
			}
		},
		"rewards": [
			{
				"type": "puffish_skills:attribute",
				"data": {
					"attribute": "spell_power:critical_chance",
					"value": 0.01,
					"operation": "multiply_base"
				}
			}
		],
		"editor-color": "#7f7f7f",
		"metadata": {
			"icon": "mmed580ixrmq91s6"
		}
	},
	"critchance plus": {
		"title": "+5%[+] Critical Strike Chance With Spells",
		"frame": "challenge",
		"icon": {
			"type": "effect",
			"data": {
				"effect": "spell_power:critical_chance"
			}
		},
		"rewards": [
			{
				"type": "puffish_skills:attribute",
				"data": {
					"attribute": "spell_power:critical_chance",
					"value": 0.05,
					"operation": "multiply_base"
				}
			}
		],
		"editor-color": "#7f7f7f",
		"metadata": {
			"icon": "e9b2lhhu1h9yaomm"
		}
	},
	"critdamage": {
		"title": "+8%[+] Critical Strike Damage With Spells",
		"icon": {
			"type": "effect",
			"data": {
				"effect": "spell_power:critical_damage"
			}
		},
		"rewards": [
			{
				"type": "puffish_skills:attribute",
				"data": {
					"attribute": "spell_power:critical_chance",
					"value": 0.08,
					"operation": "multiply_base"
				}
			}
		],
		"editor-color": "#7f7f7f",
		"metadata": {
			"icon": "wyzgagt72gueel1p"
		}
	},
	"critdamage plus": {
		"title": "+30%[+] Critical Strike Damage With Spells",
		"frame": "challenge",
		"icon": {
			"type": "effect",
			"data": {
				"effect": "spell_power:critical_damage"
			}
		},
		"rewards": [
			{
				"type": "puffish_skills:attribute",
				"data": {
					"attribute": "spell_power:critical_damage",
					"value": 0.3,
					"operation": "multiply_base"
				}
			}
		],
		"editor-color": "#7f7f7f",
		"metadata": {
			"icon": "mi9zqby32hiof1kg"
		}
	}
}