{
	"type": "minecraft:crafting_shaped",
	"pattern": [
		"ABC",
		"DEF",
		"GHI"
	],
	"key": {
		"A": {"item": "mythicmetals:star_platinum"},
		"B": {"item": "mythicmetals:kyber_ingot"},
		"C": {"item": "mythicmetals:carmot_ingot"},
		"D": {"item": "mythicmetals:unobtainium"},
		"E": {"item": "mythicmetals:adamantite_ingot"},
		"F": {"item": "mythicmetals:aquarium_ingot"},
		"G": {"item": "mythicmetals:banglum_ingot"},
		"H": {"item": "mythicmetals:bronze_ingot"},
		"I": {"item": "minecraft:copper_ingot"}
		},
	"result": {
		"item": "mythicmetals:celestium_ingot"
	}
}
