{
  "name": "Breath of the Dragon",
  "particles": [
    {
      "count": 2,
      "pos": [
        0.0,
        0.0,
        0.0
      ],
      "delta": [
        0.4,
        -0.2,
        0.4
      ],
      "speed": 0.02,
      "type": "simple",
      "particle_type": {
        "type": "minecraft:dragon_breath"
      }
    },
    {
      "pos": [
        0.0,
        0.0,
        0.0
      ],
      "delta": [
        0.4,
        0.0,
        0.4
      ],
      "speed": 0.03,
      "type": "simple",
      "particle_type": {
        "type": "minecraft:dragon_breath"
      }
    }
  ]
}