{
  "name": "Emote (Cry)",
  "particles": [
    {
      "type": "simple",
      "particle_type": {
        "type": "minecraft:falling_water"
      },
      "pos": [
        0.1,
        0.1,
        -0.3
      ],
      "origin": [
        0,
        -0.15,
        0
      ],
      "anchor": "eyes",
      "billboard": "center"
    },
    {
      "type": "simple",
      "particle_type": {
        "type": "minecraft:falling_water"
      },
      "pos": [
        -0.1,
        0.1,
        -0.3
      ],
      "origin": [
        0,
        -0.15,
        0
      ],
      "anchor": "eyes",
      "billboard": "center"
    }
  ]
}