{
  "name": "Heart",
  "particles": [
    {
      "type": "bezier",
      "particle_type": {
        "type": "minecraft:dust",
        "color": [
          1.0,
          0.0,
          0.0
        ],
        "scale": 0.4
      },
      "origin": [
        0.0,
        2.5,
        0.0
      ],
      "curves": [
        [
          [
            0,
            0,
            0
          ],
          [
            0,
            0.3,
            0
          ],
          [
            0.5,
            0.3,
            0
          ],
          [
            0.5,
            0,
            0
          ]
        ],
        [
          [
            0.5,
            0,
            0
          ],
          [
            0.5,
            -0.3,
            0
          ],
          [
            0,
            -0.35,
            0
          ],
          [
            0,
            -0.6,
            0
          ]
        ],
        [
          [
            0,
            -0.6,
            0
          ],
          [
            0,
            -0.35,
            0
          ],
          [
            -0.5,
            -0.3,
            0
          ],
          [
            -0.5,
            0,
            0
          ]
        ],
        [
          [
            -0.5,
            0,
            0
          ],
          [
            -0.5,
            0.3,
            0
          ],
          [
            0,
            0.3,
            0
          ],
          [
            0,
            0,
            0
          ]
        ]
      ],
      "steps": 10,
      "billboard": "vertical"
    }
  ]
}