{
  "name": "Warden",
  "particles": [
    {
      "type": "image",
      "image": "warden_right.png",
      "size_x": 0.6,
      "size_y": 0.6,
      "pixel_size": 0.4,
      "pos": [
        -0.5,
        0.4,
        0
      ],
      "origin": [
        0,
        -0.15,
        0
      ],
      "anchor": "eyes",
      "billboard": "center"
    },
    {
      "type": "image",
      "image": "warden_left.png",
      "size_x": 0.6,
      "size_y": 0.6,
      "pixel_size": 0.4,
      "pos": [
        0.5,
        0.4,
        0
      ],
      "origin": [
        0,
        -0.15,
        0
      ],
      "anchor": "eyes",
      "billboard": "center"
    }
  ]
}